engine,engine_label,n,dimensions,cache_mb,clusters,noise,batch,accuracy,hnsw_m,hnsw_ef_add,hnsw_ef,inserts_per_s,updates_per_s,mixed_per_s,mem_mb,warm_mem_mb,disk_mb,save_ms,run_seconds,error
memory,MemorySemanticIndex,500,1536,10,200,1,5000,0.25,16,128,64,34227.82,1245640.259,16176.53,2.99,3.665,2.935,13.732,3.073,
ivs,IVSVectorIndex,500,1536,10,200,1,5000,0.25,16,128,64,24530.486,1180080.245,12210.538,3.015,7.157,2.932,8.559,2.685,
hnsw,HnswVectorIndex,500,1536,10,200,1,5000,0.25,16,128,64,1499.446,1723.185,1237.409,4.823,13.561,3.799,5.641,6.595,
memory,MemorySemanticIndex,500,1536,100,200,1,5000,0.25,16,128,64,35854.374,1522997.259,16039.678,2.99,3.651,2.935,13.002,2.706,
ivs,IVSVectorIndex,500,1536,100,200,1,5000,0.25,16,128,64,23262.955,1488981.537,12376.619,3.015,7.165,2.932,7.768,2.71,
hnsw,HnswVectorIndex,500,1536,100,200,1,5000,0.25,16,128,64,6918.28,1920.664,4604.268,34.441,42.811,3.799,5.944,3.582,
memory,MemorySemanticIndex,500,1536,500,200,1,5000,0.25,16,128,64,34316.854,1376651.982,16480.265,2.99,3.663,2.935,12.765,2.809,
ivs,IVSVectorIndex,500,1536,500,200,1,5000,0.25,16,128,64,26217.818,1410835.214,12362.271,3.015,7.165,2.932,8.767,2.686,
hnsw,HnswVectorIndex,500,1536,500,200,1,5000,0.25,16,128,64,6797.366,1851.333,4502.875,34.446,42.816,3.799,5.828,3.583,
memory,MemorySemanticIndex,500,1536,2000,200,1,5000,0.25,16,128,64,36147.54,1419647.927,16205.813,2.99,3.655,2.935,12.734,2.702,
ivs,IVSVectorIndex,500,1536,2000,200,1,5000,0.25,16,128,64,24762.159,1291322.314,12790.365,3.015,7.157,2.932,8.847,2.687,
hnsw,HnswVectorIndex,500,1536,2000,200,1,5000,0.25,16,128,64,6870.142,1941.144,4489.828,34.451,42.819,3.799,5.625,3.565,
memory,MemorySemanticIndex,1000,1536,10,200,1,5000,0.25,16,128,64,40305.353,1585791.31,13773.127,5.965,6.636,5.871,19.948,2.979,
ivs,IVSVectorIndex,1000,1536,10,200,1,5000,0.25,16,128,64,43796.452,1393339.836,7992.501,6.02,13.091,5.863,7.587,3.004,
hnsw,HnswVectorIndex,1000,1536,10,200,1,5000,0.25,16,128,64,1335.437,2555.247,706.149,9.008,19.767,7.596,6.597,9.535,
memory,MemorySemanticIndex,1000,1536,100,200,1,5000,0.25,16,128,64,36192.282,1519756.839,13526.62,5.965,6.631,5.871,20.569,2.905,
ivs,IVSVectorIndex,1000,1536,100,200,1,5000,0.25,16,128,64,45342.837,1327492.367,7002.999,6.02,13.091,5.863,8.389,3.084,
hnsw,HnswVectorIndex,1000,1536,100,200,1,5000,0.25,16,128,64,9207.094,2164.264,6020.604,37.443,48.115,7.596,6.867,3.7,
memory,MemorySemanticIndex,1000,1536,500,200,1,5000,0.25,16,128,64,37828.35,1472754.05,13232.601,5.965,6.639,5.871,20.91,2.997,
ivs,IVSVectorIndex,1000,1536,500,200,1,5000,0.25,16,128,64,45132.871,1217285.453,7528.453,6.02,13.091,5.863,9.124,3.011,
hnsw,HnswVectorIndex,1000,1536,500,200,1,5000,0.25,16,128,64,9143.35,2238.11,5983.056,37.441,46.104,7.596,6.448,3.715,
memory,MemorySemanticIndex,1000,1536,2000,200,1,5000,0.25,16,128,64,38463.61,1576789.656,13730.541,5.965,6.639,5.871,19.973,2.929,
ivs,IVSVectorIndex,1000,1536,2000,200,1,5000,0.25,16,128,64,46737.271,1388503.194,6885.451,6.02,13.091,5.863,7.269,3.078,
hnsw,HnswVectorIndex,1000,1536,2000,200,1,5000,0.25,16,128,64,9050.757,2205.805,6137.209,37.44,46.103,7.596,6.939,3.703,
memory,MemorySemanticIndex,10000,1536,10,200,1,5000,0.25,16,128,64,53105.165,1456239.988,2247.39,59.306,59.993,58.708,140.524,5.924,
ivs,IVSVectorIndex,10000,1536,10,200,1,5000,0.25,16,128,64,112911.803,473215.976,126.878,0.989,2.176,58.632,9.105,49.139,
hnsw,HnswVectorIndex,10000,1536,10,200,1,5000,0.25,16,128,64,271.5,132.997,194.612,11.821,37.54,75.959,25.945,92.257,
memory,MemorySemanticIndex,10000,1536,100,200,1,5000,0.25,16,128,64,53902.835,1244013.187,2225.417,59.306,59.996,58.708,140.058,5.949,
ivs,IVSVectorIndex,10000,1536,100,200,1,5000,0.25,16,128,64,135589.727,1361470.388,964.701,0.989,60.883,58.632,9.741,7.674,
hnsw,HnswVectorIndex,10000,1536,100,200,1,5000,0.25,16,128,64,9583.359,3082.533,1809.991,96.533,120.708,75.959,24.954,7.009,
memory,MemorySemanticIndex,10000,1536,500,200,1,5000,0.25,16,128,64,52184.74,1275672.917,2113.207,59.306,59.987,58.708,140.357,6.136,
ivs,IVSVectorIndex,10000,1536,500,200,1,5000,0.25,16,128,64,137526.801,1376367.765,957.32,0.989,60.876,58.632,9.18,7.854,
hnsw,HnswVectorIndex,10000,1536,500,200,1,5000,0.25,16,128,64,10323.005,3112.08,6136.02,94.527,119.699,75.959,26.388,5.448,
memory,MemorySemanticIndex,10000,1536,2000,200,1,5000,0.25,16,128,64,54037.551,1405185.133,2140.108,59.306,59.984,58.708,140.847,5.937,
ivs,IVSVectorIndex,10000,1536,2000,200,1,5000,0.25,16,128,64,113140.09,1449590.491,946.32,0.989,60.859,58.632,9.149,8.085,
hnsw,HnswVectorIndex,10000,1536,2000,200,1,5000,0.25,16,128,64,10143.32,3045.782,6305.057,94.529,119.692,75.959,25.764,5.684,
memory,MemorySemanticIndex,50000,1536,10,200,1,5000,0.25,16,128,64,65755.834,888809.884,361.514,296.143,299.236,293.541,518.9,22.323,
ivs,IVSVectorIndex,50000,1536,10,200,1,5000,0.25,16,128,64,30326.459,985173.144,106.805,3.272,9.079,293.729,21.741,61.113,
hnsw,HnswVectorIndex,50000,1536,10,200,1,5000,0.25,16,128,64,158.998,227.882,272.867,14.505,43.764,379.793,110.37,394.02,
memory,MemorySemanticIndex,50000,1536,100,200,1,5000,0.25,16,128,64,64977.494,1369019.098,362.61,296.143,299.233,293.541,506.462,21.884,
ivs,IVSVectorIndex,50000,1536,100,200,1,5000,0.25,16,128,64,28383.536,1375042.97,150.766,3.269,101.442,293.729,31.078,43.311,
hnsw,HnswVectorIndex,50000,1536,100,200,1,5000,0.25,16,128,64,14455.96,2414.883,1615.337,104.113,129.35,379.793,108.921,23.389,
memory,MemorySemanticIndex,50000,1536,500,200,1,5000,0.25,16,128,64,62132.656,1342101.731,365.398,296.143,299.236,293.541,538.088,21.207,
ivs,IVSVectorIndex,50000,1536,500,200,1,5000,0.25,16,128,64,29325.778,1296680.498,744.43,3.268,302.499,293.729,30.751,11.213,
hnsw,HnswVectorIndex,50000,1536,500,200,1,5000,0.25,16,128,64,15922.173,2488.131,5223.998,424.572,449.843,379.793,108.241,10.133,
memory,MemorySemanticIndex,50000,1536,2000,200,1,5000,0.25,16,128,64,75338.727,1407261.469,360.762,296.143,299.236,293.541,506.616,21.696,
ivs,IVSVectorIndex,50000,1536,2000,200,1,5000,0.25,16,128,64,33493.768,1405777.747,770.167,3.271,302.449,293.729,30.383,10.809,
hnsw,HnswVectorIndex,50000,1536,2000,200,1,5000,0.25,16,128,64,15530.276,2534.182,5514.661,424.583,449.822,379.793,114.001,10.102,
memory,MemorySemanticIndex,100000,1536,10,200,1,5000,0.25,16,128,64,77959.452,1407558.59,186.783,592.42,598.455,587.082,1008.318,40.15,
ivs,IVSVectorIndex,100000,1536,10,200,1,5000,0.25,16,128,64,27868.677,1369487.812,55.134,6.291,12.162,587.465,284.275,119.521,
hnsw,HnswVectorIndex,100000,1536,10,200,1,5000,0.25,16,128,64,144.364,159.216,186.637,18.342,50.409,759.576,201.484,794.259,
memory,MemorySemanticIndex,100000,1536,100,200,1,5000,0.25,16,128,64,78797.878,1415127.715,184.656,592.42,598.46,587.082,1022.703,40.08,
ivs,IVSVectorIndex,100000,1536,100,200,1,5000,0.25,16,128,64,29015.399,1273966.495,63.081,6.291,103.901,587.465,261.222,104.496,
hnsw,HnswVectorIndex,100000,1536,100,200,1,5000,0.25,16,128,64,14809.121,1953.844,1474.137,200.216,225.493,759.576,212.022,38.248,
memory,MemorySemanticIndex,100000,1536,500,200,1,5000,0.25,16,128,64,78831.211,1371083.842,187.383,592.42,598.453,587.082,989.076,39.69,
ivs,IVSVectorIndex,100000,1536,500,200,1,5000,0.25,16,128,64,29366.377,1371930.306,214.752,6.291,505.055,587.465,245.746,34.25,
hnsw,HnswVectorIndex,100000,1536,500,200,1,5000,0.25,16,128,64,15487.455,1965.183,1477.145,216.959,242.236,759.576,211.197,37.946,
memory,MemorySemanticIndex,100000,1536,2000,200,1,5000,0.25,16,128,64,76415.998,1405185.133,186.876,592.42,598.455,587.082,1005.52,39.984,
ivs,IVSVectorIndex,100000,1536,2000,200,1,5000,0.25,16,128,64,28566.471,1444356.178,547.953,6.291,604.28,587.465,256.742,18.604,
hnsw,HnswVectorIndex,100000,1536,2000,200,1,5000,0.25,16,128,64,15616.801,1880.565,3896.184,816.737,842.054,759.576,203.55,16.342,
memory,MemorySemanticIndex,500000,1536,10,200,1,5000,0.25,16,128,64,83377.496,1348435.814,38.744,2959.122,2965.109,2935.41,5053.685,215.432,
ivs,IVSVectorIndex,500000,1536,10,200,1,5000,0.25,16,128,64,23521.272,1332622.601,11.695,26.395,31.845,2937.329,35.937,562.44,
hnsw,HnswVectorIndex,500000,1536,10,200,1,5000,0.25,16,128,64,70.139,54.895,69.43,42.443,48.075,3797.877,280.622,7332.434,
memory,MemorySemanticIndex,500000,1536,100,200,1,5000,0.25,16,128,64,81629.148,1435235.02,38.497,2959.122,2965.109,2935.41,5031.534,212.054,
ivs,IVSVectorIndex,500000,1536,100,200,1,5000,0.25,16,128,64,25465.176,1336898.396,11.945,26.392,124.082,2937.329,37.376,542.967,
hnsw,HnswVectorIndex,500000,1536,100,200,1,5000,0.25,16,128,64,11068.905,1233.527,1101.961,917.763,918.654,3797.877,335.795,72.917,
memory,MemorySemanticIndex,500000,1536,500,200,1,5000,0.25,16,128,64,81753.139,1346257.404,38.789,2959.122,2965.109,2935.41,4976.297,189.597,
ivs,IVSVectorIndex,500000,1536,500,200,1,5000,0.25,16,128,64,24163.126,1335202.617,13.549,26.395,521.844,2937.329,37.599,493.32,
hnsw,HnswVectorIndex,500000,1536,500,200,1,5000,0.25,16,128,64,11331.746,1204.021,1090.219,935.869,936.762,3797.877,317.134,71.642,
memory,MemorySemanticIndex,500000,1536,2000,200,1,5000,0.25,16,128,64,83434.3,1482030.382,38.677,2959.122,2965.112,2935.41,4839.236,220.242,
ivs,IVSVectorIndex,500000,1536,2000,200,1,5000,0.25,16,128,64,25251.339,1289740.117,29.457,26.395,2019.269,2937.329,48.356,239.806,
hnsw,HnswVectorIndex,500000,1536,2000,200,1,5000,0.25,16,128,64,11275.15,1221.076,1089.755,935.876,936.772,3797.877,323.177,72.366,
memory,MemorySemanticIndex,1000000,1536,10,200,1,5000,0.25,16,128,64,83370.347,1326347.901,19.238,5919.548,5925.547,5870.819,9783.761,397.566,
ivs,IVSVectorIndex,1000000,1536,10,200,1,5000,0.25,16,128,64,15293.395,1319348.242,5.589,53.528,62.821,5874.664,40.073,1179.647,
hnsw,HnswVectorIndex,1000000,1536,10,200,1,5000,0.25,16,128,64,51.261,42.27,54.638,76.422,80.953,7595.802,274.625,19798.847,
memory,MemorySemanticIndex,1000000,1536,100,200,1,5000,0.25,16,128,64,74071.145,1332533.813,17.895,5919.534,5925.535,5870.819,11186.268,417.526,
ivs,IVSVectorIndex,1000000,1536,100,200,1,5000,0.25,16,128,64,13246.351,891225.881,5.461,53.527,147.354,5874.664,42.579,1219.412,
hnsw,HnswVectorIndex,1000000,1536,100,200,1,5000,0.25,16,128,64,9161.935,1124.711,966.137,1810.741,1812.557,7595.802,248.476,149.675,
memory,MemorySemanticIndex,1000000,1536,500,200,1,5000,0.25,16,128,64,77965.574,881212.548,18.731,5919.545,5925.54,5870.819,10482.804,410.14,
ivs,IVSVectorIndex,1000000,1536,500,200,1,5000,0.25,16,128,64,14936.669,899725.584,5.898,53.525,551.733,5874.664,59.424,1141.792,
hnsw,HnswVectorIndex,1000000,1536,500,200,1,5000,0.25,16,128,64,9441.569,1123.078,985.253,1829.087,1830.906,7595.802,256.317,147.884,
memory,MemorySemanticIndex,1000000,1536,2000,200,1,5000,0.25,16,128,64,80342.297,871535.646,18.714,5919.545,5925.538,5870.819,10245.778,412.664,
ivs,IVSVectorIndex,1000000,1536,2000,200,1,5000,0.25,16,128,64,15155.662,982173.55,7.754,53.525,2031.203,5874.664,39.493,892.174,
hnsw,HnswVectorIndex,1000000,1536,2000,200,1,5000,0.25,16,128,64,9373.001,1115.498,941.98,1829.098,1830.917,7595.802,265.611,148.137,
